                  epoch,             train/loss,  metrics/accuracy_top1,  metrics/accuracy_top5,               val/loss,                 lr/pg0,                 lr/pg1,                 lr/pg2
                      1,                0.52003,                0.95652,                      1,                0.41033,             0.00023314,             0.00023314,             0.00023314
                      2,                0.15142,                0.98913,                      1,                0.33142,             0.00037786,             0.00037786,             0.00037786
                      3,                0.07596,                0.99457,                      1,                0.32689,             0.00042832,             0.00042832,             0.00042832
                      4,                0.05759,                0.98913,                      1,                0.32284,             0.00028988,             0.00028988,             0.00028988
                      5,                0.02459,                 0.9837,                      1,                0.33552,             0.00028988,             0.00028988,             0.00028988
