                  epoch,             train/loss,  metrics/accuracy_top1,  metrics/accuracy_top5,               val/loss,                 lr/pg0,                 lr/pg1,                 lr/pg2
                      1,                0.69287,                0.71429,                      1,                0.63153,              8.568e-05,              8.568e-05,              8.568e-05
                      2,                0.43313,                0.88095,                      1,                0.52183,             0.00014316,             0.00014316,             0.00014316
                      3,                0.29901,                0.95238,                      1,                0.43768,             0.00016388,             0.00016388,             0.00016388
                      4,                0.21984,                0.95238,                      1,                 0.3986,             0.00014784,             0.00014784,             0.00014784
                      5,                0.17153,                0.95238,                      1,                0.38488,             9.5048e-05,             9.5048e-05,             9.5048e-05
