                  epoch,             train/loss,  metrics/accuracy_top1,  metrics/accuracy_top5,               val/loss,                 lr/pg0,                 lr/pg1,                 lr/pg2
                      1,                0.70316,                0.66667,                      1,                0.63666,              8.568e-05,              8.568e-05,              8.568e-05
                      2,                0.45115,                0.84615,                      1,                0.47407,             0.00014316,             0.00014316,             0.00014316
                      3,                0.30174,                0.92308,                      1,                0.45486,             0.00016388,             0.00016388,             0.00016388
                      4,                0.21568,                0.94872,                      1,                0.37651,             0.00014784,             0.00014784,             0.00014784
                      5,                0.17105,                0.97436,                      1,                0.38735,             9.5048e-05,             9.5048e-05,             9.5048e-05
