                  epoch,             train/loss,  metrics/accuracy_top1,  metrics/accuracy_top5,               val/loss,                 lr/pg0,                 lr/pg1,                 lr/pg2
                      1,                0.68156,                0.60417,                      1,                0.66842,              8.568e-05,              8.568e-05,              8.568e-05
                      2,                0.47374,                0.89583,                      1,                0.53356,             0.00014316,             0.00014316,             0.00014316
                      3,                0.28683,                0.95833,                      1,                0.44359,             0.00016388,             0.00016388,             0.00016388
                      4,                0.20962,                 0.9375,                      1,                 0.4234,             0.00014784,             0.00014784,             0.00014784
                      5,                0.16756,                0.95833,                      1,                0.40336,             9.5048e-05,             9.5048e-05,             9.5048e-05
