                  epoch,             train/loss,  metrics/accuracy_top1,  metrics/accuracy_top5,               val/loss,                 lr/pg0,                 lr/pg1,                 lr/pg2
                      1,                0.67826,                    0.8,                      1,                0.61656,              9.282e-05,              9.282e-05,              9.282e-05
                      2,                0.42651,                0.94286,                      1,                0.49907,             0.00015461,             0.00015461,             0.00015461
                      3,                 0.2709,                0.91429,                      1,                0.42509,             0.00017681,             0.00017681,             0.00017681
                      4,                0.22678,                0.97143,                      1,                0.41514,             0.00015944,             0.00015944,             0.00015944
                      5,                0.15899,                0.97143,                      1,                 0.3781,             0.00010247,             0.00010247,             0.00010247
