                  epoch,             train/loss,  metrics/accuracy_top1,  metrics/accuracy_top5,               val/loss,                 lr/pg0,                 lr/pg1,                 lr/pg2
                      1,                0.66523,                0.63462,                      1,                0.65845,              8.568e-05,              8.568e-05,              8.568e-05
                      2,                0.45431,                0.88462,                      1,                0.52595,             0.00014316,             0.00014316,             0.00014316
                      3,                0.35753,                0.88462,                      1,                 0.4594,             0.00016388,             0.00016388,             0.00016388
                      4,                0.22346,                      1,                      1,                0.40251,             0.00014784,             0.00014784,             0.00014784
                      5,                 0.1777,                      1,                      1,                0.39464,             9.5048e-05,             9.5048e-05,             9.5048e-05
