                  epoch,             train/loss,  metrics/accuracy_top1,  metrics/accuracy_top5,               val/loss,                 lr/pg0,                 lr/pg1,                 lr/pg2
                      1,                0.51958,                 0.9434,                      1,                0.41836,             0.00023294,             0.00023294,             0.00023294
                      2,                0.15697,                0.99057,                      1,                0.32858,             0.00037769,             0.00037769,             0.00037769
                      3,                 0.0804,                      1,                      1,                0.32331,              0.0004282,              0.0004282,              0.0004282
                      4,                0.06145,                0.99528,                      1,                0.31986,             0.00028988,             0.00028988,             0.00028988
                      5,                0.07048,                0.99528,                      1,                0.31982,             0.00028988,             0.00028988,             0.00028988
