                  epoch,             train/loss,  metrics/accuracy_top1,  metrics/accuracy_top5,               val/loss,                 lr/pg0,                 lr/pg1,                 lr/pg2
                      1,                 0.6729,                0.69697,                      1,                0.69491,              9.282e-05,              9.282e-05,              9.282e-05
                      2,                0.43878,                0.87879,                      1,                0.47206,             0.00015461,             0.00015461,             0.00015461
                      3,                0.26424,                0.90909,                      1,                0.40575,             0.00017681,             0.00017681,             0.00017681
                      4,                 0.2104,                0.93939,                      1,                0.39628,             0.00015944,             0.00015944,             0.00015944
                      5,                0.15315,                 0.9697,                      1,                0.42852,             0.00010247,             0.00010247,             0.00010247
