                  epoch,             train/loss,  metrics/accuracy_top1,  metrics/accuracy_top5,               val/loss,                 lr/pg0,                 lr/pg1,                 lr/pg2
                      1,                0.68366,                0.65455,                      1,                0.65344,              7.854e-05,              7.854e-05,              7.854e-05
                      2,                0.47156,                0.85455,                      1,                0.53838,              0.0001317,              0.0001317,              0.0001317
                      3,                0.32903,                0.89091,                      1,                0.47628,             0.00015094,             0.00015094,             0.00015094
                      4,                 0.2379,                0.89091,                      1,                0.43821,             0.00013625,             0.00013625,             0.00013625
                      5,                0.15793,                0.90909,                      1,                0.41897,             8.7622e-05,             8.7622e-05,             8.7622e-05
