                  epoch,             train/loss,  metrics/accuracy_top1,  metrics/accuracy_top5,               val/loss,                 lr/pg0,                 lr/pg1,                 lr/pg2
                      1,                0.48999,                0.93069,                      1,                0.41655,             0.00023304,             0.00023304,             0.00023304
                      2,                0.14288,                0.96535,                      1,                0.34947,             0.00037778,             0.00037778,             0.00037778
                      3,                0.06097,                0.98515,                      1,                0.33366,             0.00042826,             0.00042826,             0.00042826
                      4,                0.03273,                 0.9703,                      1,                0.34204,             0.00028988,             0.00028988,             0.00028988
                      5,                0.02805,                 0.9703,                      1,                0.34075,             0.00028988,             0.00028988,             0.00028988
