                  epoch,             train/loss,  metrics/accuracy_top1,  metrics/accuracy_top5,               val/loss,                 lr/pg0,                 lr/pg1,                 lr/pg2
                      1,                0.72647,                0.63636,                      1,                0.66758,              7.854e-05,              7.854e-05,              7.854e-05
                      2,                0.50279,                0.85455,                      1,                0.53614,              0.0001317,              0.0001317,              0.0001317
                      3,                0.34593,                0.89091,                      1,                 0.4522,             0.00015094,             0.00015094,             0.00015094
                      4,                0.24655,                0.94545,                      1,                0.41043,             0.00013625,             0.00013625,             0.00013625
                      5,                0.18979,                0.98182,                      1,                0.38541,             8.7622e-05,             8.7622e-05,             8.7622e-05
