                  epoch,             train/loss,  metrics/accuracy_top1,  metrics/accuracy_top5,               val/loss,                 lr/pg0,                 lr/pg1,                 lr/pg2
                      1,                0.49243,                0.95238,                      1,                0.39789,             0.00023304,             0.00023304,             0.00023304
                      2,                0.13034,                0.98942,                      1,                0.32599,             0.00037778,             0.00037778,             0.00037778
                      3,                0.07233,                0.99471,                      1,                0.32086,             0.00042826,             0.00042826,             0.00042826
                      4,                0.05088,                      1,                      1,                0.31783,             0.00028988,             0.00028988,             0.00028988
                      5,                 0.0307,                      1,                      1,                 0.3176,             0.00028988,             0.00028988,             0.00028988
