                  epoch,             train/loss,  metrics/accuracy_top1,  metrics/accuracy_top5,               val/loss,                 lr/pg0,                 lr/pg1,                 lr/pg2
                      1,                0.48786,                0.94444,                      1,                0.40574,             0.00023314,             0.00023314,             0.00023314
                      2,                0.11738,                0.96111,                      1,                0.34113,             0.00037786,             0.00037786,             0.00037786
                      3,                0.09445,                0.97778,                      1,                0.33847,             0.00042832,             0.00042832,             0.00042832
                      4,                0.04011,                0.98889,                      1,                0.32891,             0.00028988,             0.00028988,             0.00028988
                      5,                0.03061,                0.97778,                      1,                0.33139,             0.00028988,             0.00028988,             0.00028988
