                  epoch,             train/loss,  metrics/accuracy_top1,  metrics/accuracy_top5,               val/loss,                 lr/pg0,                 lr/pg1,                 lr/pg2
                      1,                0.68794,                0.56667,                      1,                0.64929,              7.854e-05,              7.854e-05,              7.854e-05
                      2,                0.50001,                0.88333,                      1,                0.48805,              0.0001317,              0.0001317,              0.0001317
                      3,                0.35537,                   0.95,                      1,                0.41546,             0.00015094,             0.00015094,             0.00015094
                      4,                0.25566,                0.96667,                      1,                0.38084,             0.00013625,             0.00013625,             0.00013625
                      5,                0.17066,                0.96667,                      1,                 0.3681,             8.7622e-05,             8.7622e-05,             8.7622e-05
