                  epoch,             train/loss,  metrics/accuracy_top1,  metrics/accuracy_top5,               val/loss,                 lr/pg0,                 lr/pg1,                 lr/pg2
                      1,                0.69463,                0.65306,                      1,                0.65029,              8.568e-05,              8.568e-05,              8.568e-05
                      2,                0.46231,                0.85714,                      1,                0.56824,             0.00014316,             0.00014316,             0.00014316
                      3,                0.35682,                0.87755,                      1,                0.47065,             0.00016388,             0.00016388,             0.00016388
                      4,                0.23736,                0.87755,                      1,                0.42629,             0.00014784,             0.00014784,             0.00014784
                      5,                0.17121,                0.87755,                      1,                0.42398,             9.5048e-05,             9.5048e-05,             9.5048e-05
