                  epoch,             train/loss,  metrics/accuracy_top1,  metrics/accuracy_top5,               val/loss,                 lr/pg0,                 lr/pg1,                 lr/pg2
                      1,                0.68791,                    0.7,                      1,                0.63007,              8.568e-05,              8.568e-05,              8.568e-05
                      2,                0.44957,                    0.9,                      1,                0.49196,             0.00014316,             0.00014316,             0.00014316
                      3,                0.28107,                  0.925,                      1,                0.43429,             0.00016388,             0.00016388,             0.00016388
                      4,                0.23312,                    0.9,                      1,                 0.4001,             0.00014784,             0.00014784,             0.00014784
                      5,                0.16781,                  0.925,                      1,                0.40357,             9.5048e-05,             9.5048e-05,             9.5048e-05
