                  epoch,             train/loss,  metrics/accuracy_top1,  metrics/accuracy_top5,               val/loss,                 lr/pg0,                 lr/pg1,                 lr/pg2
                      1,                0.69163,                0.53846,                      1,                0.65011,              8.568e-05,              8.568e-05,              8.568e-05
                      2,                0.43364,                0.87179,                      1,                0.49255,             0.00014316,             0.00014316,             0.00014316
                      3,                0.30206,                0.94872,                      1,                0.46828,             0.00016388,             0.00016388,             0.00016388
                      4,                0.20705,                0.97436,                      1,                0.40639,             0.00014784,             0.00014784,             0.00014784
                      5,                 0.1728,                0.97436,                      1,                0.37407,             9.5048e-05,             9.5048e-05,             9.5048e-05
