                  epoch,             train/loss,  metrics/accuracy_top1,  metrics/accuracy_top5,               val/loss,                 lr/pg0,                 lr/pg1,                 lr/pg2
                      1,                  0.711,                0.70909,                      1,                0.65041,              7.854e-05,              7.854e-05,              7.854e-05
                      2,                0.47552,                0.85455,                      1,                0.53626,              0.0001317,              0.0001317,              0.0001317
                      3,                 0.3315,                0.87273,                      1,                0.47084,             0.00015094,             0.00015094,             0.00015094
                      4,                0.23463,                0.90909,                      1,                0.41787,             0.00013625,             0.00013625,             0.00013625
                      5,                 0.1842,                0.98182,                      1,                0.38987,             8.7622e-05,             8.7622e-05,             8.7622e-05
