                  epoch,             train/loss,  metrics/accuracy_top1,  metrics/accuracy_top5,               val/loss,                 lr/pg0,                 lr/pg1,                 lr/pg2
                      1,                0.67617,                0.78049,                      1,                0.61457,              8.568e-05,              8.568e-05,              8.568e-05
                      2,                0.43664,                0.85366,                      1,                0.50289,             0.00014316,             0.00014316,             0.00014316
                      3,                0.29846,                0.90244,                      1,                0.39596,             0.00016388,             0.00016388,             0.00016388
                      4,                 0.1856,                0.92683,                      1,                0.37529,             0.00014784,             0.00014784,             0.00014784
                      5,                0.15756,                0.92683,                      1,                0.41728,             9.5048e-05,             9.5048e-05,             9.5048e-05
