                  epoch,             train/loss,  metrics/accuracy_top1,  metrics/accuracy_top5,               val/loss,                 lr/pg0,                 lr/pg1,                 lr/pg2
                      1,                0.51281,                0.96667,                      1,                0.39925,             0.00023294,             0.00023294,             0.00023294
                      2,                 0.1356,                      1,                      1,                0.32254,             0.00037769,             0.00037769,             0.00037769
                      3,                0.06713,                      1,                      1,                0.31817,              0.0004282,              0.0004282,              0.0004282
                      4,                0.03232,                      1,                      1,                0.31919,             0.00028988,             0.00028988,             0.00028988
                      5,                0.03139,                0.98571,                      1,                0.32916,             0.00028988,             0.00028988,             0.00028988
