                  epoch,             train/loss,  metrics/accuracy_top1,  metrics/accuracy_top5,               val/loss,                 lr/pg0,                 lr/pg1,                 lr/pg2
                      1,                0.68706,                0.71154,                      1,                0.63734,              8.568e-05,              8.568e-05,              8.568e-05
                      2,                0.48699,                0.86538,                      1,                0.51328,             0.00014316,             0.00014316,             0.00014316
                      3,                0.36078,                0.92308,                      1,                0.42681,             0.00016388,             0.00016388,             0.00016388
                      4,                0.19599,                0.96154,                      1,                0.39341,             0.00014784,             0.00014784,             0.00014784
                      5,                0.17473,                0.96154,                      1,                0.38506,             9.5048e-05,             9.5048e-05,             9.5048e-05
