                  epoch,             train/loss,  metrics/accuracy_top1,  metrics/accuracy_top5,               val/loss,                 lr/pg0,                 lr/pg1,                 lr/pg2
                      1,                0.68218,                0.65385,                      1,                0.64701,              8.568e-05,              8.568e-05,              8.568e-05
                      2,                0.45572,                0.80769,                      1,                 0.5352,             0.00014316,             0.00014316,             0.00014316
                      3,                0.34145,                0.88462,                      1,                0.48336,             0.00016388,             0.00016388,             0.00016388
                      4,                0.20131,                0.94231,                      1,                0.41642,             0.00014784,             0.00014784,             0.00014784
                      5,                0.19052,                0.94231,                      1,                0.41654,             9.5048e-05,             9.5048e-05,             9.5048e-05
