                  epoch,             train/loss,  metrics/accuracy_top1,  metrics/accuracy_top5,               val/loss,                 lr/pg0,                 lr/pg1,                 lr/pg2
                      1,                0.68775,                   0.78,                      1,                0.61384,              8.568e-05,              8.568e-05,              8.568e-05
                      2,                0.51621,                    0.9,                      1,                0.51075,             0.00014316,             0.00014316,             0.00014316
                      3,                0.35974,                   0.94,                      1,                0.44743,             0.00016388,             0.00016388,             0.00016388
                      4,                0.28995,                   0.96,                      1,                0.40381,             0.00014784,             0.00014784,             0.00014784
                      5,                0.19445,                   0.96,                      1,                0.39645,             9.5048e-05,             9.5048e-05,             9.5048e-05
