                  epoch,             train/loss,  metrics/accuracy_top1,  metrics/accuracy_top5,               val/loss,                 lr/pg0,                 lr/pg1,                 lr/pg2
                      1,                0.69953,                0.65306,                      1,                0.64583,              8.568e-05,              8.568e-05,              8.568e-05
                      2,                0.47688,                0.81633,                      1,                0.54228,             0.00014316,             0.00014316,             0.00014316
                      3,                0.31363,                0.89796,                      1,                0.45825,             0.00016388,             0.00016388,             0.00016388
                      4,                0.24994,                0.89796,                      1,                0.43169,             0.00014784,             0.00014784,             0.00014784
                      5,                0.15128,                0.91837,                      1,                0.42283,             9.5048e-05,             9.5048e-05,             9.5048e-05
