                  epoch,             train/loss,  metrics/accuracy_top1,  metrics/accuracy_top5,               val/loss,                 lr/pg0,                 lr/pg1,                 lr/pg2
                      1,                0.70969,                0.66667,                      1,                0.63493,              8.568e-05,              8.568e-05,              8.568e-05
                      2,                0.46975,                0.90196,                      1,                0.49802,             0.00014316,             0.00014316,             0.00014316
                      3,                0.38982,                0.98039,                      1,                0.42106,             0.00016388,             0.00016388,             0.00016388
                      4,                0.22735,                0.98039,                      1,                0.37938,             0.00014784,             0.00014784,             0.00014784
                      5,                0.18193,                0.98039,                      1,                 0.3761,             9.5048e-05,             9.5048e-05,             9.5048e-05
