                  epoch,             train/loss,  metrics/accuracy_top1,  metrics/accuracy_top5,               val/loss,                 lr/pg0,                 lr/pg1,                 lr/pg2
                      1,                0.69179,                0.65625,                      1,                0.63056,              7.854e-05,              7.854e-05,              7.854e-05
                      2,                 0.5174,                0.85938,                      1,                0.52625,              0.0001317,              0.0001317,              0.0001317
                      3,                0.34953,                0.95312,                      1,                0.45943,             0.00015094,             0.00015094,             0.00015094
                      4,                0.24981,                0.89062,                      1,                0.42358,             0.00013625,             0.00013625,             0.00013625
                      5,                 0.2027,                0.89062,                      1,                0.41336,             8.7622e-05,             8.7622e-05,             8.7622e-05
