                  epoch,             train/loss,  metrics/accuracy_top1,  metrics/accuracy_top5,               val/loss,                 lr/pg0,                 lr/pg1,                 lr/pg2
                      1,                0.68875,                0.66667,                      1,                0.63866,              7.854e-05,              7.854e-05,              7.854e-05
                      2,                0.49356,                0.92982,                      1,                0.52142,              0.0001317,              0.0001317,              0.0001317
                      3,                0.35462,                0.98246,                      1,                0.44302,             0.00015094,             0.00015094,             0.00015094
                      4,                  0.237,                0.98246,                      1,                0.40403,             0.00013625,             0.00013625,             0.00013625
                      5,                0.20012,                0.98246,                      1,                0.38872,             8.7622e-05,             8.7622e-05,             8.7622e-05
