                  epoch,             train/loss,  metrics/accuracy_top1,  metrics/accuracy_top5,               val/loss,                 lr/pg0,                 lr/pg1,                 lr/pg2
                      1,                0.67337,                 0.7234,                      1,                0.60756,              8.568e-05,              8.568e-05,              8.568e-05
                      2,                 0.4533,                0.91489,                      1,                0.48441,             0.00014316,             0.00014316,             0.00014316
                      3,                0.33195,                0.93617,                      1,                0.42768,             0.00016388,             0.00016388,             0.00016388
                      4,                0.20166,                0.97872,                      1,                0.37638,             0.00014784,             0.00014784,             0.00014784
                      5,                0.13617,                0.97872,                      1,                0.36788,             9.5048e-05,             9.5048e-05,             9.5048e-05
