                  epoch,             train/loss,  metrics/accuracy_top1,  metrics/accuracy_top5,               val/loss,                 lr/pg0,                 lr/pg1,                 lr/pg2
                      1,                0.69565,                    0.6,                      1,                0.66586,              7.854e-05,              7.854e-05,              7.854e-05
                      2,                0.47145,                0.89091,                      1,                0.53394,              0.0001317,              0.0001317,              0.0001317
                      3,                0.33601,                0.94545,                      1,                0.45253,             0.00015094,             0.00015094,             0.00015094
                      4,                0.23386,                0.92727,                      1,                0.42309,             0.00013625,             0.00013625,             0.00013625
                      5,                0.17862,                0.94545,                      1,                0.40246,             8.7622e-05,             8.7622e-05,             8.7622e-05
