                  epoch,             train/loss,  metrics/accuracy_top1,  metrics/accuracy_top5,               val/loss,                 lr/pg0,                 lr/pg1,                 lr/pg2
                      1,                0.69031,                0.59184,                      1,                0.63198,              8.568e-05,              8.568e-05,              8.568e-05
                      2,                0.46018,                0.85714,                      1,                0.51868,             0.00014316,             0.00014316,             0.00014316
                      3,                0.30849,                0.91837,                      1,                0.44505,             0.00016388,             0.00016388,             0.00016388
                      4,                0.24667,                0.93878,                      1,                0.41226,             0.00014784,             0.00014784,             0.00014784
                      5,                0.16996,                0.93878,                      1,                0.40568,             9.5048e-05,             9.5048e-05,             9.5048e-05
