                  epoch,             train/loss,  metrics/accuracy_top1,  metrics/accuracy_top5,               val/loss,                 lr/pg0,                 lr/pg1,                 lr/pg2
                      1,                0.71648,                0.64151,                      1,                0.66516,              7.854e-05,              7.854e-05,              7.854e-05
                      2,                0.49225,                0.79245,                      1,                0.57681,              0.0001317,              0.0001317,              0.0001317
                      3,                  0.337,                0.90566,                      1,                0.47973,             0.00015094,             0.00015094,             0.00015094
                      4,                0.24271,                0.96226,                      1,                0.42948,             0.00013625,             0.00013625,             0.00013625
                      5,                0.16305,                0.96226,                      1,                0.41606,             8.7622e-05,             8.7622e-05,             8.7622e-05
