                  epoch,             train/loss,  metrics/accuracy_top1,  metrics/accuracy_top5,               val/loss,                 lr/pg0,                 lr/pg1,                 lr/pg2
                      1,                 0.7412,                0.70175,                      1,                0.64568,              7.854e-05,              7.854e-05,              7.854e-05
                      2,                0.52126,                0.89474,                      1,                0.52574,              0.0001317,              0.0001317,              0.0001317
                      3,                 0.3686,                0.94737,                      1,                0.44863,             0.00015094,             0.00015094,             0.00015094
                      4,                0.25941,                0.98246,                      1,                0.40647,             0.00013625,             0.00013625,             0.00013625
                      5,                0.18187,                0.98246,                      1,                0.39126,             8.7622e-05,             8.7622e-05,             8.7622e-05
