                  epoch,             train/loss,  metrics/accuracy_top1,  metrics/accuracy_top5,               val/loss,                 lr/pg0,                 lr/pg1,                 lr/pg2
                      1,                0.69181,                0.61538,                      1,                0.64124,              8.568e-05,              8.568e-05,              8.568e-05
                      2,                0.48601,                0.80769,                      1,                0.51241,             0.00014316,             0.00014316,             0.00014316
                      3,                0.37777,                0.90385,                      1,                0.45244,             0.00016388,             0.00016388,             0.00016388
                      4,                0.22351,                0.94231,                      1,                0.39355,             0.00014784,             0.00014784,             0.00014784
                      5,                0.22133,                0.96154,                      1,                0.38693,             9.5048e-05,             9.5048e-05,             9.5048e-05
