                  epoch,             train/loss,  metrics/accuracy_top1,  metrics/accuracy_top5,               val/loss,                 lr/pg0,                 lr/pg1,                 lr/pg2
                      1,                0.51574,                0.98429,                      1,                0.38712,             0.00023304,             0.00023304,             0.00023304
                      2,                0.12853,                0.99476,                      1,                0.32786,             0.00037778,             0.00037778,             0.00037778
                      3,                0.05189,                0.99476,                      1,                0.31957,             0.00042826,             0.00042826,             0.00042826
                      4,                0.05717,                0.98953,                      1,                0.32454,             0.00028988,             0.00028988,             0.00028988
                      5,                0.02057,                0.98953,                      1,                0.32124,             0.00028988,             0.00028988,             0.00028988
